<?xml version="1.0" encoding="UTF-8"?>
<project xmlns="http://maven.apache.org/POM/4.0.0" xmlns:xsi="http://www.w3.org/2001/XMLSchema-instance" xsi:schemaLocation="http://maven.apache.org/POM/4.0.0 http://maven.apache.org/maven-v4_0_0.xsd">
  <parent>
    <artifactId>helidon-mp</artifactId>
    <groupId>io.helidon.applications</groupId>
    <version>2.2.1</version>
    <relativePath>pom.xml</relativePath>
  </parent>
  <modelVersion>4.0.0</modelVersion>
  <groupId>io.helidon.demo</groupId>
  <artifactId>helidon-jpa</artifactId>
  <name>${project.artifactId}</name>
  <version>1.0.0</version>
  <build>
    <plugins>
      <plugin>
        <artifactId>maven-dependency-plugin</artifactId>
        <executions>
          <execution>
            <id>copy-libs</id>
          </execution>
        </executions>
      </plugin>
      <plugin>
        <groupId>org.jboss.jandex</groupId>
        <artifactId>jandex-maven-plugin</artifactId>
        <executions>
          <execution>
            <id>make-index</id>
            <goals>
              <goal>jandex</goal>
            </goals>
          </execution>
        </executions>
      </plugin>
      <plugin>
        <groupId>com.ethlo.persistence.tools</groupId>
        <artifactId>eclipselink-maven-plugin</artifactId>
        <executions>
          <execution>
            <id>weave</id>
            <phase>process-classes</phase>
            <goals>
              <goal>weave</goal>
            </goals>
          </execution>
          <execution>
            <id>modelgen</id>
            <phase>generate-sources</phase>
            <goals>
              <goal>modelgen</goal>
            </goals>
          </execution>
        </executions>
      </plugin>
      <plugin>
        <artifactId>maven-shade-plugin</artifactId>
        <version>3.2.4</version>
        <executions>
          <execution>
            <phase>package</phase>
            <goals>
              <goal>shade</goal>
            </goals>
            <configuration>
              <transformers>
                <transformer>
                  <mainClass>io.helidon.demo.jpa.NotesApplication</mainClass>
                </transformer>
              </transformers>
            </configuration>
          </execution>
        </executions>
      </plugin>
    </plugins>
  </build>
  <dependencies>
    <dependency>
      <groupId>org.junit.jupiter</groupId>
      <artifactId>junit-jupiter-api</artifactId>
      <version>5.7.0</version>
      <scope>test</scope>
      <exclusions>
        <exclusion>
          <artifactId>apiguardian-api</artifactId>
          <groupId>org.apiguardian</groupId>
        </exclusion>
        <exclusion>
          <artifactId>opentest4j</artifactId>
          <groupId>org.opentest4j</groupId>
        </exclusion>
        <exclusion>
          <artifactId>junit-platform-commons</artifactId>
          <groupId>org.junit.platform</groupId>
        </exclusion>
      </exclusions>
    </dependency>
    <dependency>
      <groupId>org.hamcrest</groupId>
      <artifactId>hamcrest-all</artifactId>
      <version>1.3</version>
      <scope>test</scope>
    </dependency>
    <dependency>
      <groupId>io.rest-assured</groupId>
      <artifactId>rest-assured</artifactId>
      <version>4.3.0</version>
      <scope>test</scope>
      <exclusions>
        <exclusion>
          <artifactId>groovy</artifactId>
          <groupId>org.codehaus.groovy</groupId>
        </exclusion>
        <exclusion>
          <artifactId>groovy-xml</artifactId>
          <groupId>org.codehaus.groovy</groupId>
        </exclusion>
        <exclusion>
          <artifactId>httpclient</artifactId>
          <groupId>org.apache.httpcomponents</groupId>
        </exclusion>
        <exclusion>
          <artifactId>httpmime</artifactId>
          <groupId>org.apache.httpcomponents</groupId>
        </exclusion>
        <exclusion>
          <artifactId>hamcrest</artifactId>
          <groupId>org.hamcrest</groupId>
        </exclusion>
        <exclusion>
          <artifactId>tagsoup</artifactId>
          <groupId>org.ccil.cowan.tagsoup</groupId>
        </exclusion>
        <exclusion>
          <artifactId>json-path</artifactId>
          <groupId>io.rest-assured</groupId>
        </exclusion>
        <exclusion>
          <artifactId>xml-path</artifactId>
          <groupId>io.rest-assured</groupId>
        </exclusion>
      </exclusions>
    </dependency>
    <dependency>
      <groupId>jakarta.persistence</groupId>
      <artifactId>jakarta.persistence-api</artifactId>
      <version>2.2.3</version>
      <scope>provided</scope>
    </dependency>
    <dependency>
      <groupId>jakarta.transaction</groupId>
      <artifactId>jakarta.transaction-api</artifactId>
      <version>1.3.3</version>
      <scope>provided</scope>
    </dependency>
  </dependencies>
  <properties>
    <maven.compiler.target>${maven.compiler.source}</maven.compiler.target>
    <package>io.helidon.demo.jpa</package>
    <maven.compiler.source>11</maven.compiler.source>
    <project.build.sourceEncoding>UTF-8</project.build.sourceEncoding>
    <copied.libs.dir>${project.build.directory}/${libs.classpath.prefix}</copied.libs.dir>
    <helidon.version>2.2.1</helidon.version>
    <libs.classpath.prefix>libs</libs.classpath.prefix>
    <project.reporting.outputEncoding>UTF-8</project.reporting.outputEncoding>
    <argLine>-Dfile.encoding=UTF-8</argLine>
  </properties>
</project>
